<?xml version="1.0" encoding="UTF-8"?>
<metadata xml:lang="en"><Esri><CreaDate>20161212</CreaDate><CreaTime>21333800</CreaTime><ArcGISFormat>1.0</ArcGISFormat><SyncOnce>TRUE</SyncOnce><DataProperties><lineage><Process ToolSource="c:\program files (x86)\arcgis\desktop10.3\ArcToolbox\Toolboxes\Data Management Tools.tbx\CalculateField" Date="20161212" Time="213338">CalculateField main med_rent_c "[med_rent_2]- [med_rent]*1.1267" VB #</Process><Process ToolSource="c:\program files (x86)\arcgis\desktop10.3\ArcToolbox\Toolboxes\Data Management Tools.tbx\CalculateField" Date="20161212" Time="213634">CalculateField main med_rent_c "[med_rent_2]- [med_rent]*1.1267" VB #</Process><Process ToolSource="c:\program files (x86)\arcgis\desktop10.3\ArcToolbox\Toolboxes\Data Management Tools.tbx\CalculateField" Date="20161212" Time="214202">CalculateField main rent_pc_ch "[vac15_2__3]- [rent_pc]" VB #</Process><Process ToolSource="c:\program files (x86)\arcgis\desktop10.3\ArcToolbox\Toolboxes\Data Management Tools.tbx\CalculateField" Date="20161212" Time="214221">CalculateField main rent_pc_ch "[vac15_2__3]- [rent_pc]" VB #</Process></lineage></DataProperties></Esri></metadata>
