<?xml version="1.0" encoding="UTF-8"?>
<metadata xml:lang="en"><Esri><CreaDate>20161212</CreaDate><CreaTime>22581100</CreaTime><ArcGISFormat>1.0</ArcGISFormat><SyncOnce>TRUE</SyncOnce><DataProperties><lineage><Process ToolSource="c:\program files (x86)\arcgis\desktop10.3\ArcToolbox\Toolboxes\Conversion Tools.tbx\RasterToPolygon" Date="20161212" Time="225637">RasterToPolygon rank "F:\Dropbox\Documents - Studies\Georgia Tech\161\CP 6514\Project\project.gdb\rank" NO_SIMPLIFY VALUE</Process></lineage></DataProperties></Esri></metadata>
