<?xml version="1.0" encoding="UTF-8"?>
<metadata xml:lang="en"><Esri><CreaDate>20161211</CreaDate><CreaTime>10360800</CreaTime><ArcGISFormat>1.0</ArcGISFormat><SyncOnce>TRUE</SyncOnce><DataProperties><lineage><Process ToolSource="c:\program files (x86)\arcgis\desktop10.3\ArcToolbox\Toolboxes\Data Management Tools.tbx\DefineProjection" Date="20161211" Time="093223">DefineProjection airbnb_listings GEOGCS['GCS_North_American_1983',DATUM['D_North_American_1983',SPHEROID['GRS_1980',6378137.0,298.257222101]],PRIMEM['Greenwich',0.0],UNIT['Degree',0.0174532925199433]]</Process><Process ToolSource="c:\program files (x86)\arcgis\desktop10.3\ArcToolbox\Toolboxes\Data Management Tools.tbx\Project" Date="20161211" Time="093313">Project airbnb_listings "F:\Dropbox\Documents - Studies\Georgia Tech\161\CP 6514\Project\project.gdb\airbnb_listings_proj" PROJCS['NAD_1983_StatePlane_Tennessee_FIPS_4100',GEOGCS['GCS_North_American_1983',DATUM['D_North_American_1983',SPHEROID['GRS_1980',6378137.0,298.257222101]],PRIMEM['Greenwich',0.0],UNIT['Degree',0.0174532925199433]],PROJECTION['Lambert_Conformal_Conic'],PARAMETER['False_Easting',600000.0],PARAMETER['False_Northing',0.0],PARAMETER['Central_Meridian',-86.0],PARAMETER['Standard_Parallel_1',35.25],PARAMETER['Standard_Parallel_2',36.41666666666666],PARAMETER['Latitude_Of_Origin',34.33333333333334],UNIT['Meter',1.0]] # GEOGCS['GCS_North_American_1983',DATUM['D_North_American_1983',SPHEROID['GRS_1980',6378137.0,298.257222101]],PRIMEM['Greenwich',0.0],UNIT['Degree',0.0174532925199433]] NO_PRESERVE_SHAPE #</Process></lineage><itemProps><itemLocation><linkage Sync="TRUE">file://\\DESKTOP-U2J4RGR\F$\Dropbox\Documents - Studies\Georgia Tech\161\CP 6514\Project\project.gdb</linkage><protocol Sync="TRUE">Local Area Network</protocol></itemLocation></itemProps></DataProperties></Esri></metadata>
